Source,Region,StationID,BirthYear,Freq,Agency,Longitude,Latitude,FCCL_n.fish
USFWS-Chipps,Chipps Island,SB018M,1995,12,USFWS,-121.90992,38.04598,NA
USFWS-Chipps,Chipps Island,SB018N,1995,8,USFWS,-121.90992,38.04797,NA
USFWS-Chipps,Chipps Island,SB018S,1995,30,USFWS,-121.90992,38.04283,NA
USFWS-Chipps,Chipps Island,SB018M,1996,18,USFWS,-121.90992,38.04598,NA
USFWS-Chipps,Chipps Island,SB018N,1996,5,USFWS,-121.90992,38.04797,NA
USFWS-Chipps,Chipps Island,SB018S,1996,23,USFWS,-121.90992,38.04283,NA
USFWS-DJFMP-BeachSeine,<NA>,CC000M,1996,1,USFWS,NA,NA,NA
USFWS-DJFMP-BeachSeine,<NA>,CL000M,1996,3,USFWS,-121.50381,38.02665,NA
USFWS-Chipps,Chipps Island,SB018M,1997,26,USFWS,-121.90992,38.04598,NA
USFWS-Chipps,Chipps Island,SB018N,1997,12,USFWS,-121.90992,38.04797,NA
USFWS-Chipps,Chipps Island,SB018S,1997,11,USFWS,-121.90992,38.04283,NA
USFWS-Chipps,Chipps Island,SRO14W,1997,1,USFWS,-121.66266,38.18652,NA
USFWS-Chipps,Chipps Island,SB018M,1998,20,USFWS,-121.90992,38.04598,NA
USFWS-Chipps,Chipps Island,SB018N,1998,12,USFWS,-121.90992,38.04797,NA
USFWS-Chipps,Chipps Island,SB018S,1998,11,USFWS,-121.90992,38.04283,NA
USFWS-Chipps,Chipps Island,SJ011M,1998,2,USFWS,-121.69567,38.04884,NA
USFWS-DJFMP-BeachSeine,<NA>,OR001M,1998,5,USFWS,-121.57463,38.083,NA
USFWS-Chipps,Chipps Island,SB018M,1999,26,USFWS,-121.90992,38.04598,NA
USFWS-Chipps,Chipps Island,SB018N,1999,6,USFWS,-121.90992,38.04797,NA
USFWS-Chipps,Chipps Island,SB018S,1999,11,USFWS,-121.90992,38.04283,NA
USFWS-DJFMP-BeachSeine,<NA>,AM001S,1999,1,USFWS,-121.50573,38.59936,NA
CDFW-SKT,<NA>,418,2002,1,CDFW,-122.09666,38.06617,NA
CDFW-SKT,<NA>,501,2002,1,CDFW,-122.02579,38.07293,NA
CDFW-SKT,<NA>,602,2002,2,CDFW,-122.0439,38.11534,NA
CDFW-SKT,<NA>,699,2002,4,CDFW,-121.88916,38.12039,NA
CDFW-SKT,<NA>,715,2002,11,CDFW,-121.67431,38.22434,NA
CDFW-SKT,<NA>,716,2002,18,CDFW,-121.68406,38.23842,NA
CDFW-SKT,<NA>,799,2002,13,CDFW,-121.61561,38.40468,NA
CDFW-SKT,<NA>,501,2004,1,CDFW,-122.02579,38.07293,NA
CDFW-SKT,<NA>,504,2004,1,CDFW,-121.98776,38.0532,NA
CDFW-SKT,<NA>,519,2004,1,CDFW,-121.95663,38.07352,NA
CDFW-SKT,<NA>,609,2004,4,CDFW,-121.93792,38.16714,NA
CDFW-SKT,<NA>,699,2004,12,CDFW,-121.88916,38.12039,NA
CDFW-SKT,<NA>,704,2004,1,CDFW,-121.78184,38.06851,NA
CDFW-SKT,<NA>,715,2004,1,CDFW,-121.67431,38.22434,NA
CDFW-SKT,<NA>,716,2004,6,CDFW,-121.68406,38.23842,NA
CDFW-SKT,<NA>,719,2004,9,CDFW,-121.64748,38.33358,NA
CDFW-SKT,<NA>,799,2004,10,CDFW,-121.61561,38.40468,NA
CDFW-SKT,<NA>,812,2004,2,CDFW,-121.64022,38.09012,NA
CDFW-SKT,<NA>,920,2004,2,CDFW,-121.50445,38.14155,NA
CDFW-SKT,<NA>,602,2006,2,CDFW,-122.0439,38.11534,NA
CDFW-SKT,<NA>,606,2006,7,CDFW,-122.02557,38.16996,NA
CDFW-SKT,<NA>,609,2006,6,CDFW,-121.93792,38.16714,NA
CDFW-SKT,<NA>,704,2006,2,CDFW,-121.78184,38.06851,NA
CDFW-SKT,<NA>,706,2006,1,CDFW,-121.75057,38.08564,NA
CDFW-SKT,<NA>,707,2006,1,CDFW,-121.70774,38.11408,NA
CDFW-SKT,<NA>,711,2006,1,CDFW,-121.66475,38.17755,NA
CDFW-SKT,<NA>,713,2006,1,CDFW,-121.66045,38.20675,NA
CDFW-SKT,<NA>,716,2006,1,CDFW,-121.68406,38.23842,NA
CDFW-SKT,<NA>,719,2006,20,CDFW,-121.64748,38.33358,NA
CDFW-SKT,<NA>,799,2006,8,CDFW,-121.61561,38.40468,NA
CDFW-SKT,<NA>,519,2008,7,CDFW,-121.95663,38.07352,NA
CDFW-SKT,<NA>,609,2008,7,CDFW,-121.93792,38.16714,NA
CDFW-SKT,<NA>,704,2008,2,CDFW,-121.78184,38.06851,NA
CDFW-SKT,<NA>,706,2008,1,CDFW,-121.75057,38.08564,NA
CDFW-SKT,<NA>,719,2008,30,CDFW,-121.64748,38.33358,NA
CDFW-SKT,<NA>,809,2008,2,CDFW,-121.69139,38.05289,NA
CDFW-SKT,<NA>,922,2008,1,CDFW,-121.47898,38.20454,NA
CDFW-SKT,<NA>,606,2009,9,CDFW,-122.02557,38.16996,NA
CDFW-SKT,<NA>,609,2009,1,CDFW,-121.93792,38.16714,NA
CDFW-SKT,<NA>,704,2009,7,CDFW,-121.78184,38.06851,NA
CDFW-SKT,<NA>,706,2009,1,CDFW,-121.75057,38.08564,NA
CDFW-SKT,<NA>,707,2009,1,CDFW,-121.70774,38.11408,NA
CDFW-SKT,<NA>,713,2009,1,CDFW,-121.66045,38.20675,NA
CDFW-SKT,<NA>,715,2009,1,CDFW,-121.67431,38.22434,NA
CDFW-SKT,<NA>,716,2009,2,CDFW,-121.68406,38.23842,NA
CDFW-SKT,<NA>,719,2009,13,CDFW,-121.64748,38.33358,NA
CDFW-SKT,<NA>,799,2009,14,CDFW,-121.61561,38.40468,NA
UCD-FCCL,<NA>,<NA>,2010,32,FCCL,NA,NA,NA
CDFW-FMWT,<NA>,412,2011,2,CDFW,-122.06007,38.06462,NA
CDFW-FMWT,<NA>,503,2011,2,CDFW,-121.9832,38.06022,NA
CDFW-FMWT,<NA>,507,2011,3,CDFW,-121.939,38.05228,NA
CDFW-FMWT,<NA>,518,2011,1,CDFW,-121.96802,38.06875,NA
CDFW-FMWT,<NA>,519,2011,3,CDFW,-121.95663,38.07352,NA
CDFW-FMWT,<NA>,704,2011,1,CDFW,-121.78184,38.06851,NA
CDFW-SKT,<NA>,513,2011,3,CDFW,-121.86799,38.0587,NA
CDFW-SKT,<NA>,519,2011,2,CDFW,-121.95663,38.07352,NA
CDFW-SKT,<NA>,602,2011,2,CDFW,-122.0439,38.11534,NA
CDFW-SKT,<NA>,606,2011,1,CDFW,-122.02557,38.16996,NA
CDFW-SKT,<NA>,609,2011,9,CDFW,-121.93792,38.16714,NA
CDFW-SKT,<NA>,610,2011,1,CDFW,-121.88916,38.12039,NA
CDFW-SKT,<NA>,704,2011,2,CDFW,-121.78184,38.06851,NA
CDFW-SKT,<NA>,707,2011,2,CDFW,-121.70774,38.11408,NA
CDFW-SKT,<NA>,713,2011,1,CDFW,-121.66045,38.20675,NA
CDFW-SKT,<NA>,715,2011,1,CDFW,-121.67431,38.22434,NA
CDFW-SKT,<NA>,716,2011,6,CDFW,-121.68406,38.23842,NA
CDFW-STN,<NA>,418,2011,2,CDFW,-122.09666,38.06617,NA
CDFW-STN,<NA>,501,2011,2,CDFW,-122.02579,38.07293,NA
CDFW-STN,<NA>,602,2011,1,CDFW,-122.0439,38.11534,NA
CDFW-STN,<NA>,716,2011,3,CDFW,-121.68406,38.23842,NA
CDFW-FMWT,<NA>,703,2012,1,CDFW,-121.79711,38.04779,NA
CDFW-FMWT,<NA>,797,2012,1,CDFW,-121.61561,38.40468,NA
CDFW-SKT,<NA>,606,2012,7,CDFW,-122.02557,38.16996,NA
CDFW-SKT,<NA>,609,2012,6,CDFW,-121.93792,38.16714,NA
CDFW-SKT,<NA>,610,2012,1,CDFW,-121.88916,38.12039,NA
CDFW-SKT,<NA>,707,2012,1,CDFW,-121.70774,38.11408,NA
CDFW-SKT,<NA>,715,2012,2,CDFW,-121.67431,38.22434,NA
CDFW-SKT,<NA>,716,2012,1,CDFW,-121.68406,38.23842,NA
CDFW-SKT,<NA>,719,2012,30,CDFW,-121.64748,38.33358,NA
CDFW-SKT,<NA>,519,2013,1,CDFW,-121.95663,38.07352,NA
CDFW-SKT,<NA>,606,2013,2,CDFW,-122.02557,38.16996,NA
CDFW-SKT,Cache Slough and Liberty Island,719,2013,3,CDFW,-121.64748,38.33358,NA
CDFW-SKT,Confluence,706,2013,1,CDFW,-121.75057,38.08564,NA
CDFW-SKT,Honker Bay,519,2013,3,CDFW,-121.95663,38.07352,NA
CDFW-SKT,Lower Sacramento River,706,2013,2,CDFW,-121.75057,38.08564,NA
CDFW-SKT,Lower Sacramento River,707,2013,1,CDFW,-121.70774,38.11408,NA
CDFW-SKT,Lower Sacramento River,712,2013,1,CDFW,-121.64015,38.19091,NA
CDFW-SKT,Lower Sacramento River,713,2013,1,CDFW,-121.66045,38.20675,NA
CDFW-SKT,Lower Sacramento River,715,2013,1,CDFW,-121.67431,38.22434,NA
CDFW-SKT,Montezuma Slough,606,2013,5,CDFW,-122.02557,38.16996,NA
CDFW-SKT,Montezuma Slough,609,2013,18,CDFW,-121.93792,38.16714,NA
CDFW-STN,Cache Slough and Liberty Island,719,2013,2,CDFW,-121.64748,38.33358,NA
CDFW-STN,Grizzly Bay,602,2013,1,CDFW,-122.0439,38.11534,NA
CDFW-STN,Honker Bay,519,2013,2,CDFW,-121.95663,38.07352,NA
CDFW-STN,Lower Sacramento River Ship Channel,723,2013,1,CDFW,-121.67255,38.23803,NA
CDFW-STN,Lower Sacramento River Ship Channel,797,2013,1,CDFW,-121.61561,38.40468,NA
CDFW-STN,Lower San Joaquin River,804,2013,1,CDFW,-121.79425,38.01735,NA
CDFW-STN,Montezuma Slough,610,2013,1,CDFW,-121.88916,38.12039,NA
CDFW-STN,Suisun Bay and Marsh,609,2013,2,CDFW,-121.93792,38.16714,NA
CDFW-CCE,<NA>,797,2014,1,CDFW,-121.61561,38.40468,NA
CDFW-CCE,Confluence,704,2014,29,CDFW,-121.78184,38.06851,NA
CDFW-CCE,Confluence,705,2014,1,CDFW,-121.70881,38.09618,NA
CDFW-CCE,Confluence,797,2014,10,CDFW,-121.61561,38.40468,NA
CDFW-FMWT,Confluence,703,2014,1,CDFW,-121.79711,38.04779,NA
UCD-FCCL,<NA>,<NA>,2014,8,FCCL,NA,NA,NA
CDFW-FMWT,Confluence,704,2015,2,CDFW,-121.78184,38.06851,NA
CDFW-FMWT,Confluence,705,2015,1,CDFW,-121.70881,38.09618,NA
CDFW-FMWT,Confluence,706,2015,1,CDFW,-121.75057,38.08564,NA
CDFW-FMWT,Lower Sacramento River Ship Channel,797,2015,1,CDFW,-121.61561,38.40468,NA
CDFW-SKT,<NA>,719,2015,1,CDFW,-121.64748,38.33358,NA
CDFW-SKT,Cache Slough and Liberty Island,715,2015,1,CDFW,-121.67431,38.22434,NA
CDFW-SKT,Cache Slough and Liberty Island,719,2015,11,CDFW,-121.64748,38.33358,NA
CDFW-SKT,Lower Sacramento River,513,2015,1,CDFW,-121.86799,38.0587,NA
CDFW-SKT,Montezuma Slough,606,2015,3,CDFW,-122.02557,38.16996,NA
CDFW-SKT,Montezuma Slough,610,2015,1,CDFW,-121.88916,38.12039,NA
CDFW-SKT,Sacramento River near Rio Vista,707,2015,1,CDFW,-121.70774,38.11408,NA
UCD-FCCL,<NA>,<NA>,2015,26,FCCL,NA,NA,NA
CDFW-FMWT,Confluence,703,2016,3,CDFW,-121.79711,38.04779,NA
CDFW-FMWT,Confluence,704,2016,2,CDFW,-121.78184,38.06851,NA
CDFW-FMWT,Confluence,705,2016,1,CDFW,-121.70881,38.09618,NA
CDFW-FMWT,Confluence,706,2016,1,CDFW,-121.75057,38.08564,NA
CDFW-SKT,Cache Slough,715,2016,4,CDFW,-121.67431,38.22434,NA
CDFW-SKT,Confluence,508,2016,1,CDFW,-121.91731,38.04674,NA
CDFW-SKT,Confluence,520,2016,1,CDFW,-121.86633,38.0325,NA
CDFW-SKT,Confluence,704,2016,1,CDFW,-121.78184,38.06851,NA
CDFW-SKT,Confluence,706,2016,1,CDFW,-121.75057,38.08564,NA
CDFW-SKT,Confluence,801,2016,1,CDFW,-121.844,38.04369,NA
CDFW-SKT,Confluence,804,2016,1,CDFW,-121.79425,38.01735,NA
CDFW-SKT,Sacramento River,711,2016,1,CDFW,-121.66475,38.17755,NA
CDFW-SKT,SRDWSC,719,2016,14,CDFW,-121.64748,38.33358,NA
CDFW-SKT,Suisun Bay Marsh,340,2016,2,CDFW,-122.26456,38.10017,NA
CDFW-SKT,Suisun Bay Marsh,405,2016,1,CDFW,-122.14864,38.0398,NA
CDFW-SKT,Suisun Bay Marsh,418,2016,1,CDFW,-122.09666,38.06617,NA
CDFW-SKT,Suisun Bay Marsh,606,2016,1,CDFW,-122.02557,38.16996,NA
CDFW-SKT,Suisun Bay Marsh,609,2016,3,CDFW,-121.93792,38.16714,NA
CDFW-SKT,Suisun Bay Marsh,610,2016,1,CDFW,-121.88916,38.12039,NA
UCD-FCCL,<NA>,<NA>,2016,9,FCCL,NA,NA,NA
CDFW-STN,Suisun Bay Marsh,602,2017,8,CDFW,-122.0439,38.11534,NA
UCD-FCCL,<NA>,<NA>,2017,3,FCCL,NA,NA,NA
USFWS-EDSM,Confluence,18-05-LSR02,2017,2,USFWS,-121.77008,38.07581,NA
USFWS-EDSM,Confluence,18-05-SBM02,2017,1,USFWS,-122.0193,38.06593,NA
USFWS-EDSM,Confluence,18-08-LSR01,2017,3,USFWS,-121.84983,38.0679,NA
USFWS-EDSM,Confluence,18-08-LSR02,2017,1,USFWS,-121.86936,38.05384,NA
USFWS-EDSM,Confluence,18-11-LSR01,2017,15,USFWS,-121.77203,38.07601,NA
USFWS-EDSM,Confluence,18-13-LSR01,2017,1,USFWS,-121.84658,38.07077,NA
USFWS-EDSM,Confluence,18-15-LSR02,2017,1,USFWS,-121.7903,38.06176,NA
USFWS-EDSM,Confluence,18-17-LSR01,2017,1,USFWS,-121.8318,38.07028,NA
USFWS-EDSM,Confluence,18-18-HB01,2017,1,USFWS,-121.92369,38.04495,NA
USFWS-EDSM,SRDWSC,18-02-CS01,2017,1,USFWS,-121.64794,38.33243,NA
USFWS-EDSM,SRDWSC,18-03-SSC02,2017,1,USFWS,-121.62243,38.38922,NA
USFWS-EDSM,Suisun Bay Marsh,18-03-SM02,2017,3,USFWS,-122.05863,38.13345,NA
USFWS-EDSM,Suisun Bay Marsh,18-04-SBM05,2017,2,USFWS,-122.04041,38.08215,NA
USFWS-EDSM,Suisun Bay Marsh,18-05-SBM02,2017,1,USFWS,-122.0193,38.06593,NA
USFWS-EDSM,Suisun Bay Marsh,18-07-SBM02,2017,1,USFWS,-122.05827,38.09458,NA
USFWS-EDSM,Suisun Bay Marsh,18-08-SM01,2017,1,USFWS,-122.04296,38.16527,NA
USFWS-EDSM,Suisun Bay Marsh,18-11-SM01,2017,1,USFWS,-121.96327,38.17441,NA
USFWS-EDSM,Suisun Bay Marsh,18-18-SM01,2017,2,USFWS,-121.96935,38.1858,NA
CDFW-STN,<NA>,508,2018,1,CDFW,-121.91731,38.04674,NA
USFWS-EDSM,<NA>,edsm001,2018,1,USFWS,-121.61898,38.3957,NA
USFWS-EDSM,<NA>,edsm004,2018,1,USFWS,-121.60767,38.42291,NA
USFWS-EDSM,<NA>,edsm007,2018,1,USFWS,-121.65507,38.302,NA
USFWS-EDSM,<NA>,edsm014,2018,1,USFWS,-121.64791,38.32902,NA
USFWS-EDSM,<NA>,edsm015,2018,2,USFWS,-121.63838,38.35648,NA
USFWS-EDSM,<NA>,edsm016,2018,1,USFWS,-121.62819,38.37611,NA
USFWS-EDSM,<NA>,edsm019,2018,1,USFWS,-121.62058,38.39376,NA
USFWS-EDSM,<NA>,edsm026,2018,1,USFWS,-121.85348,38.06416,NA
USFWS-EDSM,<NA>,edsm027,2018,1,USFWS,-122.00072,38.18048,NA
USFWS-EDSM,<NA>,edsm041,2018,4,USFWS,-121.83338,38.06951,NA
USFWS-EDSM,<NA>,edsm043,2018,1,USFWS,-121.80823,38.0594,NA
USFWS-EDSM,<NA>,edsm046,2018,1,USFWS,-121.80696,38.063,NA
USFWS-EDSM,Grizzly Bay,edsm028,2018,1,USFWS,-122.05777,38.1088,NA
USFWS-EDSM,Lower Sacramento River,edsm039,2018,1,USFWS,-121.81958,38.0664,NA
USFWS-EDSM,Lower Sacramento River,edsm041,2018,1,USFWS,-121.83338,38.06951,NA
USFWS-EDSM,Lower Sacramento River,edsm042,2018,1,USFWS,-121.83604,38.07056,NA
USFWS-EDSM,Lower Sacramento River,edsm045,2018,1,USFWS,-121.74326,38.08937,NA
USFWS-EDSM,Lower Sacramento River Ship Channel,edsm001,2018,1,USFWS,-121.61898,38.3957,NA
USFWS-EDSM,Lower Sacramento River Ship Channel,edsm006,2018,1,USFWS,-121.60749,38.42103,NA
USFWS-EDSM,Lower Sacramento River Ship Channel,edsm010,2018,1,USFWS,-121.62494,38.38578,NA
USFWS-EDSM,Lower Sacramento River Ship Channel,edsm011,2018,2,USFWS,-121.63152,38.37037,NA
USFWS-EDSM,Lower Sacramento River Ship Channel,edsm012,2018,1,USFWS,-121.61782,38.40101,NA
USFWS-EDSM,Lower Sacramento River Ship Channel,edsm014,2018,1,USFWS,-121.64791,38.32902,NA
USFWS-EDSM,Lower Sacramento River Ship Channel,edsm015,2018,6,USFWS,-121.63838,38.35648,NA
USFWS-EDSM,Lower Sacramento River Ship Channel,edsm016,2018,1,USFWS,-121.62819,38.37611,NA
USFWS-EDSM,Lower Sacramento River Ship Channel,edsm018,2018,3,USFWS,-121.63373,38.36637,NA
USFWS-EDSM,Lower Sacramento River Ship Channel,edsm020,2018,1,USFWS,-121.62311,38.38976,NA
USFWS-EDSM,Lower Sacramento River Ship Channel,edsm024,2018,7,USFWS,-121.62434,38.38624,NA
USFWS-EDSM,Lower Sacramento River Ship Channel,edsm049,2018,1,USFWS,-121.61108,38.41457,NA
USFWS-EDSM,Suisun Bay Marsh,edsm033,2018,1,USFWS,-122.03394,38.20817,NA
USFWS-EDSM,Upper Sacramento River Ship Channel,edsm009,2018,1,USFWS,-121.58477,38.48586,NA
CDFW-STN,<NA>,795,2019,1,CDFW,-121.58465,38.53762,NA
UCD-FCCL,<NA>,<NA>,2019,9,FCCL,NA,NA,NA
USFWS-EDSM,<NA>,19-49-LSSC01,2019,4,USFWS,-121.63684,38.35765,NA
USFWS-EDSM,<NA>,19-49-SBM02,2019,1,USFWS,-121.97254,38.0735,NA
USFWS-EDSM,<NA>,19-49-SM01,2019,1,USFWS,-121.90067,38.12307,NA
USFWS-EDSM,<NA>,19-50-LSSC03,2019,1,USFWS,-121.651,38.31564,NA
USFWS-EDSM,<NA>,19-52-LSSC03,2019,1,USFWS,-121.6257,38.3834,NA
USFWS-EDSM,<NA>,19-53-GB01,2019,1,USFWS,-122.05795,38.1086,NA
USFWS-EDSM,<NA>,19-53-SBM03,2019,1,USFWS,-122.00775,38.09101,NA
USFWS-EDSM,<NA>,20-03-LSSC02,2019,2,USFWS,-121.61233,38.41231,NA
USFWS-EDSM,<NA>,20-04-HB01,2019,1,USFWS,-121.96824,38.05228,NA
USFWS-EDSM,<NA>,20-04-LSSC02,2019,1,USFWS,-121.61096,38.41383,NA
USFWS-EDSM,Cache Slough and Liberty Island,<NA>,2019,1,USFWS,NA,NA,NA
USFWS-EDSM,Lower Sacramento River Ship Channel,<NA>,2019,3,USFWS,NA,NA,NA
USFWS-EDSM,Lower Sacramento River Ship Channel,19-49-LSSC01,2019,6,USFWS,-121.63684,38.35765,NA
USFWS-EDSM,Lower Sacramento River Ship Channel,19-49-LSSC02,2019,3,USFWS,-121.64879,38.33051,NA
USFWS-EDSM,Lower Sacramento River Ship Channel,19-49-LSSC03,2019,1,USFWS,-121.58771,38.46571,NA
USFWS-EDSM,Lower Sacramento River Ship Channel,19-50-LSSC02,2019,3,USFWS,-121.62987,38.37447,NA
USFWS-EDSM,Lower Sacramento River Ship Channel,19-50-LSSC03,2019,1,USFWS,-121.651,38.31564,NA
USFWS-EDSM,Lower Sacramento River Ship Channel,19-53-LSSC02,2019,2,USFWS,-121.61171,38.4142,NA
USFWS-EDSM,SRDWSC,<NA>,2019,6,USFWS,NA,NA,NA
UCD-FCCL,<NA>,<NA>,2020,50,FCCL,NA,NA,NA
UCD-FCCL,NA,NA,2008,NA,FCCL,-121.78002,38.07188,70
UCD-FCCL,NA,NA,2009,NA,FCCL,-121.78002,38.07188,52
UCD-FCCL,NA,fccl002,2009,NA,FCCL,-121.74603,38.0871,23
UCD-FCCL,NA,fccl003,2010,NA,FCCL,-121.7756,38.06667,151
UCD-FCCL,NA,fccl004,2011,NA,FCCL,-121.80528,38.06269,3
UCD-FCCL,NA,fccl004,2011,NA,FCCL,-121.80528,38.06269,5
UCD-FCCL,NA,fccl005,2011,NA,FCCL,-121.81736,38.06625,43
UCD-FCCL,NA,fccl005,2011,NA,FCCL,-121.81736,38.06625,4
UCD-FCCL,NA,fccl005,2011,NA,FCCL,-121.81736,38.06625,2
UCD-FCCL,NA,fccl005,2011,NA,FCCL,-121.81736,38.06625,25
UCD-FCCL,NA,NA,2011,NA,FCCL,-121.78347,38.07,7
UCD-FCCL,NA,NA,2011,NA,FCCL,-121.78347,38.07,6
UCD-FCCL,NA,NA,2011,NA,FCCL,-121.78347,38.07,4
UCD-FCCL,NA,NA,2011,NA,FCCL,-121.78347,38.07,1
UCD-FCCL,NA,fccl007,2012,NA,FCCL,-121.64545,38.34236,6
UCD-FCCL,NA,fccl007,2012,NA,FCCL,-121.64545,38.34236,5
UCD-FCCL,NA,fccl008,2012,NA,FCCL,-121.63862,38.35436,2
UCD-FCCL,NA,fccl007,2012,NA,FCCL,-121.64545,38.34236,28
UCD-FCCL,NA,fccl009,2012,NA,FCCL,-121.64898,38.3325,39
UCD-FCCL,NA,fccl010,2012,NA,FCCL,-121.64898,38.34894,16
UCD-FCCL,NA,fccl011,2012,NA,FCCL,-121.648,38.33472,4
UCD-FCCL,NA,fccl012,2013,NA,FCCL,-121.77611,38.06828,4
UCD-FCCL,NA,fccl012,2013,NA,FCCL,-121.77611,38.06828,7
UCD-FCCL,NA,fccl013,2013,NA,FCCL,-121.46803,38.07338,78
UCD-FCCL,NA,fccl013,2013,NA,FCCL,-121.46803,38.07338,11
UCD-FCCL,NA,NA,2014,NA,FCCL,-121.75058,38.08714,1
UCD-FCCL,NA,NA,2014,NA,FCCL,-121.63986,38.35386,6
UCD-FCCL,NA,fccl016,2014,NA,FCCL,-121.52219,38.30264,28
UCD-FCCL,NA,fccl017,2014,NA,FCCL,-121.68481,38.05553,1
UCD-FCCL,NA,NA,2014,NA,FCCL,-121.63978,38.35342,4
UCD-FCCL,NA,NA,2014,NA,FCCL,-121.75038,38.08719,2
UCD-FCCL,NA,fccl020,2014,NA,FCCL,-121.51611,38.30023,2
UCD-FCCL,NA,fccl021,2014,NA,FCCL,-121.67383,38.23197,1
UCD-FCCL,NA,fccl022,2014,NA,FCCL,-121.63742,38.35833,2
UCD-FCCL,NA,fccl023,2014,NA,FCCL,-121.6361,38.35708,2
UCD-FCCL,NA,fccl024,2014,NA,FCCL,-121.64253,38.34775,2
UCD-FCCL,NA,fccl025,2014,NA,FCCL,-121.64614,38.33597,5
UCD-FCCL,NA,fccl026,2014,NA,FCCL,-121.70269,38.10719,1
UCD-FCCL,NA,fccl027,2014,NA,FCCL,-121.73103,38.09858,2
UCD-FCCL,NA,fccl028,2014,NA,FCCL,-121.7035,38.12075,4
UCD-FCCL,NA,fccl029,2014,NA,FCCL,-121.65328,38.30117,1
UCD-FCCL,NA,NA,2015,NA,FCCL,-121.75011,38.08719,1
UCD-FCCL,NA,fccl031,2015,NA,FCCL,-121.74753,38.08833,2
UCD-FCCL,NA,fccl032,2015,NA,FCCL,-121.74442,38.09011,1
UCD-FCCL,NA,fccl033,2015,NA,FCCL,-121.73894,38.09292,8
UCD-FCCL,NA,fccl034,2015,NA,FCCL,-121.71102,38.11264,2
UCD-FCCL,NA,fccl035,2015,NA,FCCL,-121.705,38.11853,12
UCD-FCCL,NA,fccl036,2015,NA,FCCL,-121.70292,38.12161,74
UCD-FCCL,NA,NA,2016,NA,FCCL,-121.78308,38.06808,3
UCD-FCCL,NA,NA,2016,NA,FCCL,-121.78308,38.06806,19
UCD-FCCL,NA,fccl039,2016,NA,FCCL,-121.74936,38.07061,10
UCD-FCCL,NA,fccl040,2016,NA,FCCL,-121.71568,38.11022,10
UCD-FCCL,NA,fccl041,2016,NA,FCCL,-121.70694,38.11661,11
UCD-FCCL,NA,NA,2016,NA,FCCL,-121.78353,38.06992,47
UCD-FCCL,NA,NA,2016,NA,FCCL,-121.78353,38.06992,1
UCD-FCCL,NA,fccl043,2016,NA,FCCL,-121.9314,38.04451,1
UCD-FCCL,NA,fccl044,2016,NA,FCCL,-121.94767,38.04984,1
UCD-FCCL,NA,fccl045,2016,NA,FCCL,-121.93197,38.05188,1
UCD-FCCL,NA,NA,2017,NA,FCCL,-121.78308,38.06808,3
UCD-FCCL,NA,NA,2017,NA,FCCL,-121.78308,38.06806,10
UCD-FCCL,NA,NA,2017,NA,FCCL,-121.78308,38.06806,3
UCD-FCCL,NA,NA,2017,NA,FCCL,-121.78308,38.06806,6
UCD-FCCL,NA,fccl039,2017,NA,FCCL,-121.74936,38.07061,8
UCD-FCCL,NA,fccl039,2017,NA,FCCL,-121.74936,38.07061,2
UCD-FCCL,NA,fccl040,2017,NA,FCCL,-121.71568,38.11022,10
UCD-FCCL,NA,fccl041,2017,NA,FCCL,-121.70694,38.11661,3
UCD-FCCL,NA,fccl041,2017,NA,FCCL,-121.70694,38.11661,4
UCD-FCCL,NA,fccl041,2017,NA,FCCL,-121.70694,38.11661,4
UCD-FCCL,NA,NA,2017,NA,FCCL,-121.78353,38.06992,8
UCD-FCCL,NA,NA,2017,NA,FCCL,-121.78353,38.06992,10
UCD-FCCL,NA,NA,2017,NA,FCCL,-121.78353,38.06992,8
UCD-FCCL,NA,NA,2017,NA,FCCL,-121.78353,38.06992,3
UCD-FCCL,NA,NA,2017,NA,FCCL,-121.78353,38.06992,17
UCD-FCCL,NA,fccl046,2018,NA,FCCL,-121.77861,38.0725,1
UCD-FCCL,NA,fccl046,2018,NA,FCCL,-121.77861,38.0725,5
UCD-FCCL,NA,NA,2018,NA,FCCL,-121.75083,38.08667,1
UCD-FCCL,NA,NA,2018,NA,FCCL,-121.75,38.08667,3
UCD-FCCL,NA,fccl049,2018,NA,FCCL,-121.73889,38.092,1
UCD-FCCL,NA,fccl050,2018,NA,FCCL,-121.75806,38.04444,1
UCD-FCCL,NA,NA,2018,NA,FCCL,-121.77944,38.07222,3
UCD-FCCL,NA,fccl052,2018,NA,FCCL,-121.77528,38.07444,1
UCD-FCCL,NA,NA,2018,NA,FCCL,-121.6475,38.33167,1
UCD-FCCL,NA,NA,2018,NA,FCCL,-121.6475,38.33139,1
UCD-FCCL,NA,fccl055,2018,NA,FCCL,-121.64833,38.32444,2
UCD-FCCL,NA,fccl056,2018,NA,FCCL,-121.65111,38.317,3
UCD-FCCL,NA,fccl057,2018,NA,FCCL,-121.65444,38.30917,1
UCD-FCCL,NA,fccl058,2018,NA,FCCL,-121.65778,38.28167,1
UCD-FCCL,NA,fccl059,2018,NA,FCCL,-121.66028,38.28194,1
UCD-FCCL,NA,NA,2018,NA,FCCL,-121.64417,38.34167,1
UCD-FCCL,NA,NA,2018,NA,FCCL,-121.64444,38.34111,1
UCD-FCCL,NA,NA,2019,NA,FCCL,-121.79583,38.06472,1
UCD-FCCL,NA,fccl003,2019,NA,FCCL,-121.79083,38.06667,2
UCD-FCCL,NA,NA,2019,NA,FCCL,-121.79472,38.065,2
UCD-FCCL,NA,fccl003,2019,NA,FCCL,-121.79083,38.06667,2
UCD-FCCL,NA,NA,2019,NA,FCCL,-121.79056,38.06694,2
UCD-FCCL,NA,NA,2019,NA,FCCL,-121.79056,38.06694,2
UCD-FCCL,NA,NA,2019,NA,FCCL,-121.79028,38.06694,1
UCD-FCCL,NA,fccl003,2019,NA,FCCL,-121.79111,38.06667,3
UCD-FCCL,NA,NA,2019,NA,FCCL,-121.79028,38.06722,1
UCD-FCCL,NA,NA,2019,NA,FCCL,-121.78889,38.06722,1
UCD-FCCL,NA,NA,2019,NA,FCCL,-121.79306,38.06472,3
UCD-FCCL,NA,NA,2019,NA,FCCL,-121.79444,38.06417,1
UCD-FCCL,NA,NA,2019,NA,FCCL,-121.79694,38.06417,1
UCD-FCCL,NA,NA,2019,NA,FCCL,-121.79667,38.06389,3
UCD-FCCL,NA,NA,2019,NA,FCCL,-121.795,38.06472,1
UCD-FCCL,NA,NA,2019,NA,FCCL,-121.79583,38.06444,1
UCD-FCCL,NA,NA,2019,NA,FCCL,-121.79833,38.06361,1
UCD-FCCL,NA,NA,2019,NA,FCCL,-121.7975,38.06361,4
UCD-FCCL,NA,NA,2019,NA,FCCL,-121.79444,38.06444,1
UCD-FCCL,NA,NA,2019,NA,FCCL,-121.78917,38.0675,1
UCD-FCCL,NA,fccl080,2019,NA,FCCL,-121.78,38.07056,1
UCD-FCCL,NA,NA,2019,NA,FCCL,-121.80083,38.06278,1
UCD-FCCL,NA,NA,2019,NA,FCCL,-121.79472,38.06472,1
UCD-FCCL,NA,fccl083,2019,NA,FCCL,-121.80611,38.01278,1
UCD-FCCL,NA,NA,2019,NA,FCCL,-121.79889,38.06333,2
UCD-FCCL,NA,NA,2019,NA,FCCL,-121.79944,38.06333,1
UCD-FCCL,NA,NA,2019,NA,FCCL,-121.80111,38.06278,1
UCD-FCCL,NA,NA,2019,NA,FCCL,-121.78333,38.07028,1
UCD-FCCL,NA,NA,2019,NA,FCCL,-121.79611,38.06444,2
UCD-FCCL,NA,NA,2019,NA,FCCL,-121.79278,38.06583,1
UCD-FCCL,NA,NA,2019,NA,FCCL,-121.79667,38.06417,5
UCD-FCCL,NA,NA,2019,NA,FCCL,-121.79694,38.06389,1
UCD-FCCL,NA,NA,2019,NA,FCCL,-121.79722,38.06444,1
UCD-FCCL,NA,NA,2019,NA,FCCL,-121.79722,38.06444,2
UCD-FCCL,NA,NA,2019,NA,FCCL,-121.79722,38.06417,2
UCD-FCCL,NA,NA,2019,NA,FCCL,-121.79444,38.06472,3
UCD-FCCL,NA,NA,2019,NA,FCCL,-121.795,38.06444,1
UCD-FCCL,NA,NA,2019,NA,FCCL,-121.79528,38.06417,1
UCD-FCCL,NA,NA,2019,NA,FCCL,-121.79472,38.06444,2
UCD-FCCL,NA,NA,2019,NA,FCCL,-121.78333,38.06972,1
UCD-FCCL,NA,fccl099,2019,NA,FCCL,-121.80333,38.0625,1
UCD-FCCL,NA,NA,2019,NA,FCCL,-121.795,38.06444,2
UCD-FCCL,NA,NA,2019,NA,FCCL,-121.79444,38.06472,1
UCD-FCCL,NA,NA,2019,NA,FCCL,-121.79472,38.06444,3
UCD-FCCL,NA,fccl099,2019,NA,FCCL,-121.80833,38.0625,1
UCD-FCCL,NA,NA,2019,NA,FCCL,-121.79694,38.06417,1
UCD-FCCL,NA,NA,2019,NA,FCCL,-121.79278,38.06528,1
UCD-FCCL,NA,fccl102,2019,NA,FCCL,-121.66222,38.11806,1
UCD-FCCL,NA,fccl103,2019,NA,FCCL,-121.65306,38.11167,1
UCD-FCCL,NA,fccl104,2019,NA,FCCL,-121.65806,38.11667,1
UCD-FCCL,NA,NA,2019,NA,FCCL,-121.79706,38.06372,1
UCD-FCCL,NA,NA,2019,NA,FCCL,-121.78344,38.07042,1
UCD-FCCL,NA,NA,2019,NA,FCCL,-121.79472,38.06444,1
UCD-FCCL,NA,NA,2019,NA,FCCL,-121.79583,38.06417,1
UCD-FCCL,NA,NA,2019,NA,FCCL,-121.79444,38.06417,1
UCD-FCCL,NA,NA,2019,NA,FCCL,-121.79778,38.06389,1
UCD-FCCL,NA,NA,2019,NA,FCCL,-121.79722,38.06417,1
UCD-FCCL,NA,fccl080,2019,NA,FCCL,-121.78194,38.07056,1
UCD-FCCL,NA,fccl080,2019,NA,FCCL,-121.78194,38.07056,1
UCD-FCCL,NA,NA,2019,NA,FCCL,-121.79611,38.06444,2
UCD-FCCL,NA,NA,2019,NA,FCCL,-121.79639,38.06444,2
UCD-FCCL,NA,NA,2019,NA,FCCL,-121.7975,38.06333,1
UCD-FCCL,NA,NA,2019,NA,FCCL,-121.80194,38.06278,1
