StationID,Agency,Source,Longitude,Latitude,OldStationID
340,CDFW,NA,-122.26456,38.10017,340
405,CDFW,NA,-122.14864,38.0398,405
411,CDFW,NA,-122.07987,38.05076,411
412,CDFW,NA,-122.06007,38.06462,412
413,CDFW,NA,-122.0473,38.06595,413
418,CDFW,NA,-122.09666,38.06617,418
501,CDFW,NA,-122.02579,38.07293,501
502,CDFW,NA,-122.00397,38.05997,502
503,CDFW,NA,-121.9832,38.06022,503
504,CDFW,NA,-121.98776,38.0532,504
505,CDFW,NA,-121.95597,38.05713,505
507,CDFW,NA,-121.939,38.05228,507
508,CDFW,NA,-121.91731,38.04674,508
510,CDFW,NA,-121.88783,38.04888,510
511,CDFW,NA,-121.88,38.0513,511
512,CDFW,NA,-121.87722,38.05638,512
513,CDFW,NA,-121.86799,38.0587,513
515,CDFW,NA,-122.01472,38.092,515
516,CDFW,NA,-121.99408,38.07867,516
517,CDFW,NA,-121.97938,38.07022,517
518,CDFW,NA,-121.96802,38.06875,518
519,CDFW,NA,-121.95663,38.07352,519
520,CDFW,NA,-121.86633,38.0325,520
602,CDFW,NA,-122.0439,38.11534,602
605,CDFW,NA,-122.05738,38.14853,605
606,CDFW,NA,-122.02557,38.16996,606
608,CDFW,NA,-121.88332,38.0887,608
609,CDFW,NA,-121.93792,38.16714,609
610,CDFW,NA,-121.88916,38.12039,610
699,CDFW,NA,-121.88916,38.12039,699
701,CDFW,NA,-121.83475,38.06505,701
703,CDFW,NA,-121.79711,38.04779,703
704,CDFW,NA,-121.78184,38.06851,704
705,CDFW,NA,-121.70881,38.09618,705
706,CDFW,NA,-121.75057,38.08564,706
707,CDFW,NA,-121.70774,38.11408,707
711,CDFW,NA,-121.66475,38.17755,711
712,CDFW,NA,-121.64015,38.19091,712
713,CDFW,NA,-121.66045,38.20675,713
715,CDFW,NA,-121.67431,38.22434,715
716,CDFW,NA,-121.68406,38.23842,716
719,CDFW,NA,-121.64748,38.33358,719
721,CDFW,NA,-121.703,38.26836,721
723,CDFW,NA,-121.67255,38.23803,723
795,CDFW,NA,-121.58465,38.53762,795
797,CDFW,NA,-121.61561,38.40468,797
799,CDFW,NA,-121.61561,38.40468,799
801,CDFW,NA,-121.844,38.04369,801
802,CDFW,NA,-121.83124,38.03428,802
804,CDFW,NA,-121.79425,38.01735,804
809,CDFW,NA,-121.69139,38.05289,809
812,CDFW,NA,-121.64022,38.09012,812
815,CDFW,NA,-121.5705,38.08374,815
902,CDFW,NA,-121.58245,38.01988,902
906,CDFW,NA,-121.50883,38.05125,906
920,CDFW,NA,-121.50445,38.14155,920
922,CDFW,NA,-121.47898,38.20454,922
18-02-SBM02,USFWS,USFWS_EDSM,-122.03767,38.06495,18-02-SBM02
18-02-SBM04,USFWS,USFWS_EDSM,-121.97063,38.06597,18-02-SBM04
18-03-HB01,USFWS,USFWS_EDSM,-121.89447,38.04771,18-03-HB01
18-04-SBM02,USFWS,USFWS_EDSM,-122.05582,38.11278,18-04-SBM02
18-04-SBM05,USFWS,USFWS_EDSM,-122.04041,38.08215,18-04-SBM05
18-06-LSR01,USFWS,USFWS_EDSM,-121.87256,38.05824,18-06-LSR01
18-06-SBM01,USFWS,USFWS_EDSM,-122.00065,38.06205,18-06-SBM01
18-06-SBM02,USFWS,USFWS_EDSM,-122.06793,38.09994,18-06-SBM02
18-07-HB01,USFWS,USFWS_EDSM,-121.96093,38.05581,18-07-HB01
18-07-SBM01,USFWS,USFWS_EDSM,-122.04606,38.06047,18-07-SBM01
18-07-SBM03,USFWS,USFWS_EDSM,-122.01783,38.07106,18-07-SBM03
18-08-LSR01,USFWS,USFWS_EDSM,-121.84983,38.0679,18-08-LSR01
18-08-LSR02,USFWS,USFWS_EDSM,-121.86936,38.05384,18-08-LSR02
18-08-SBM01,USFWS,USFWS_EDSM,-122.05696,38.09492,18-08-SBM01
18-08-SM01,USFWS,USFWS_EDSM,-122.04296,38.16527,18-08-SM01
18-09-LSR01,USFWS,USFWS_EDSM,-121.87784,38.05646,18-09-LSR01
18-09-SBM01,USFWS,USFWS_EDSM,-121.98428,38.07158,18-09-SBM01
18-09-SBM02,USFWS,USFWS_EDSM,-121.9981,38.05988,18-09-SBM02
18-10-LSR06,USFWS,USFWS_EDSM,-121.86378,38.06498,18-10-LSR06
18-11-LSR01,USFWS,USFWS_EDSM,-121.77203,38.07601,18-11-LSR01
18-11-LSR02,USFWS,USFWS_EDSM,-121.83366,38.06779,18-11-LSR02
18-11-SM01,USFWS,USFWS_EDSM,-121.96327,38.17441,18-11-SM01
18-12-SM01,USFWS,USFWS_EDSM,-122.00949,38.17691,18-12-SM01
18-13-HB01,USFWS,USFWS_EDSM,-121.8988,38.04826,18-13-HB01
18-14-SM01,USFWS,USFWS_EDSM,-121.94748,38.1736,18-14-SM01
18-15-LSR02,USFWS,USFWS_EDSM,-121.7903,38.06176,18-15-LSR02
18-18-SBM02,USFWS,USFWS_EDSM,-121.99911,38.08386,18-18-SBM02
19-49-LSSC01,USFWS,USFWS_EDSM,-121.63684,38.35765,19-49-LSSC01
19-49-LSSC02,USFWS,USFWS_EDSM,-121.64879,38.33051,19-49-LSSC02
19-49-LSSC03,USFWS,USFWS_EDSM,-121.58771,38.46571,19-49-LSSC03
19-49-SBM02,USFWS,USFWS_EDSM,-121.97254,38.0735,19-49-SBM02
19-49-SM01,USFWS,USFWS_EDSM,-121.90067,38.12307,19-49-SM01
19-50-LSSC02,USFWS,USFWS_EDSM,-121.62987,38.37447,19-50-LSSC02
19-50-LSSC03,USFWS,USFWS_EDSM,-121.651,38.31564,19-50-LSSC03
19-50-LSSC05,USFWS,USFWS_EDSM,-121.63356,38.36716,19-50-LSSC05
19-50-SM03,USFWS,USFWS_EDSM,-122.04742,38.16159,19-50-SM03
19-51-HB01,USFWS,USFWS_EDSM,-121.95945,38.04912,19-51-HB01
19-51-LSR03,USFWS,USFWS_EDSM,-121.77107,38.07526,19-51-LSR03
19-51-SBW02,USFWS,USFWS_EDSM,-122.11063,38.06351,19-51-SBW02
19-52-LSSC02,USFWS,USFWS_EDSM,-121.59103,38.45659,19-52-LSSC02
19-52-LSSC03,USFWS,USFWS_EDSM,-121.6257,38.3834,19-52-LSSC03
19-53-GB01,USFWS,USFWS_EDSM,-122.05795,38.1086,19-53-GB01
19-53-LSSC01,USFWS,USFWS_EDSM,-121.65853,38.28807,19-53-LSSC01
19-53-LSSC02,USFWS,USFWS_EDSM,-121.61171,38.4142,19-53-LSSC02
19-53-LSSC04,USFWS,USFWS_EDSM,-121.66831,38.25268,19-53-LSSC04
19-53-SBM03,USFWS,USFWS_EDSM,-122.00775,38.09101,19-53-SBM03
19-53-SBW01,USFWS,USFWS_EDSM,-122.11123,38.06484,19-53-SBW01
20-03-HB01,USFWS,USFWS_EDSM,-121.94953,38.05721,20-03-HB01
20-03-LSSC02,USFWS,USFWS_EDSM,-121.61233,38.41231,20-03-LSSC02
20-04-HB01,USFWS,USFWS_EDSM,-121.96824,38.05228,20-04-HB01
20-04-LSSC02,USFWS,USFWS_EDSM,-121.61096,38.41383,20-04-LSSC02
20-07-LSSC03,USFWS,USFWS_EDSM,-121.64092,38.35041,20-07-LSSC03
20-07-SBM01,USFWS,USFWS_EDSM,-121.97401,38.07007,20-07-SBM01
20-08-CF01,USFWS,USFWS_EDSM,-121.87357,38.04788,20-08-CF01
20-13-HB01,USFWS,USFWS_EDSM,-121.95479,38.0616,20-13-HB01
20-14-LSR01,USFWS,USFWS_EDSM,-121.81925,38.06597,20-14-LSR01
20-14-LSSC05,USFWS,USFWS_EDSM,-121.60382,38.43035,20-14-LSSC05
AM001S,USFWS,USFWS_DJFMP_BeachSeine,-121.50573,38.59936,AMOO1S
CL000M,USFWS,USFWS_DJFMP_BeachSeine,-121.50381,38.02665,CL000M
FR002M,USFWS,USFWS_DJFMP_BeachSeine,-121.66082,38.05586,FR002M
OR001M,USFWS,USFWS_DJFMP_BeachSeine,-121.57463,38.083,OR001M
SB018M,USFWS,USFWS_Chipps,-121.90992,38.04598,SB018M
SB018N,USFWS,USFWS_Chipps,-121.90992,38.04797,SB018N
SB018S,USFWS,USFWS_Chipps,-121.90992,38.04283,SB018S
SJ011M,USFWS,USFWS_Chipps,-121.69567,38.04884,SJ011M
SR012E,USFWS,USFWS_Chipps,-121.68655,38.13272,SR012E
SRO14W,USFWS,USFWS_Chipps,-121.66266,38.18652,SRO14W
TC002M,USFWS,USFWS_DJFMP_BeachSeine,-121.4678,37.98577,TC002M
18-05-LSR02,USFWS,USFWS_EDSM,-121.77008,38.07581,18-05-LSR02
18-05-SBM02,USFWS,USFWS_EDSM,-122.0193,38.06593,18-05-SBM02
18-13-LSR01,USFWS,USFWS_EDSM,-121.84658,38.07077,18-13-LSR01
18-17-LSR01,USFWS,USFWS_EDSM,-121.8318,38.07028,18-17-LSR01
18-18-HB01,USFWS,USFWS_EDSM,-121.92369,38.04495,18-18-HB01
18-02-CS01,USFWS,USFWS_EDSM,-121.64794,38.33243,18-02-CS01
18-03-SSC02,USFWS,USFWS_EDSM,-121.62243,38.38922,18-03-SSC02
18-03-SM02,USFWS,USFWS_EDSM,-122.05863,38.13345,18-03-SM02
18-05-SBM02,USFWS,USFWS_EDSM,-122.0193,38.06593,18-05-SBM02
18-07-SBM02,USFWS,USFWS_EDSM,-122.05827,38.09458,18-07-SBM02
18-18-SM01,USFWS,USFWS_EDSM,-121.96935,38.1858,18-18-SM01
fccl_a,FCCL,UCD_FCCL,-121.78002,38.07188,fccl001
fccl002,FCCL,UCD_FCCL,-121.74603,38.0871,fccl002
fccl003,FCCL,UCD_FCCL,-121.7756,38.06667,fccl003
fccl004,FCCL,UCD_FCCL,-121.80528,38.06269,fccl004
fccl005,FCCL,UCD_FCCL,-121.81736,38.06625,fccl005
fccl_b,FCCL,UCD_FCCL,-121.78347,38.07,fccl006
fccl007,FCCL,UCD_FCCL,-121.64545,38.34236,fccl007
fccl008,FCCL,UCD_FCCL,-121.63862,38.35436,fccl008
fccl009,FCCL,UCD_FCCL,-121.64898,38.3325,fccl009
fccl010,FCCL,UCD_FCCL,-121.64898,38.34894,fccl010
fccl011,FCCL,UCD_FCCL,-121.648,38.33472,fccl011
fccl012,FCCL,UCD_FCCL,-121.77611,38.06828,fccl012
fccl013,FCCL,UCD_FCCL,-121.46803,38.07338,fccl013
fccl_c,FCCL,UCD_FCCL,-121.75058,38.08714,fccl014
fccl_d,FCCL,UCD_FCCL,-121.63986,38.35386,fccl015
fccl016,FCCL,UCD_FCCL,-121.52219,38.30264,fccl016
fccl017,FCCL,UCD_FCCL,-121.68481,38.05553,fccl017
fccl_d,FCCL,UCD_FCCL,-121.63978,38.35342,fccl018
fccl_c,FCCL,UCD_FCCL,-121.75038,38.08719,fccl019
fccl020,FCCL,UCD_FCCL,-121.51611,38.30023,fccl020
fccl021,FCCL,UCD_FCCL,-121.67383,38.23197,fccl021
fccl022,FCCL,UCD_FCCL,-121.63742,38.35833,fccl022
fccl023,FCCL,UCD_FCCL,-121.6361,38.35708,fccl023
fccl024,FCCL,UCD_FCCL,-121.64253,38.34775,fccl024
fccl025,FCCL,UCD_FCCL,-121.64614,38.33597,fccl025
fccl026,FCCL,UCD_FCCL,-121.70269,38.10719,fccl026
fccl027,FCCL,UCD_FCCL,-121.73103,38.09858,fccl027
fccl028,FCCL,UCD_FCCL,-121.7035,38.12075,fccl028
fccl029,FCCL,UCD_FCCL,-121.65328,38.30117,fccl029
fccl_c,FCCL,UCD_FCCL,-121.75011,38.08719,fccl030
fccl031,FCCL,UCD_FCCL,-121.74753,38.08833,fccl031
fccl032,FCCL,UCD_FCCL,-121.74442,38.09011,fccl032
fccl033,FCCL,UCD_FCCL,-121.73894,38.09292,fccl033
fccl034,FCCL,UCD_FCCL,-121.71102,38.11264,fccl034
fccl035,FCCL,UCD_FCCL,-121.705,38.11853,fccl035
fccl036,FCCL,UCD_FCCL,-121.70292,38.12161,fccl036
fccl_e,FCCL,UCD_FCCL,-121.78308,38.06808,fccl037
fccl_e,FCCL,UCD_FCCL,-121.78308,38.06806,fccl038
fccl039,FCCL,UCD_FCCL,-121.74936,38.07061,fccl039
fccl040,FCCL,UCD_FCCL,-121.71568,38.11022,fccl040
fccl041,FCCL,UCD_FCCL,-121.70694,38.11661,fccl041
fccl_b,FCCL,UCD_FCCL,-121.78353,38.06992,fccl042
fccl043,FCCL,UCD_FCCL,-121.9314,38.04451,fccl043
fccl044,FCCL,UCD_FCCL,-121.94767,38.04984,fccl044
fccl045,FCCL,UCD_FCCL,-121.93197,38.05188,fccl045
fccl046,FCCL,UCD_FCCL,-121.77861,38.0725,fccl046
fccl_c,FCCL,UCD_FCCL,-121.75083,38.08667,fccl047
fccl_c,FCCL,UCD_FCCL,-121.75,38.08667,fccl048
fccl049,FCCL,UCD_FCCL,-121.73889,38.092,fccl049
fccl050,FCCL,UCD_FCCL,-121.75806,38.04444,fccl050
fccl_a,FCCL,UCD_FCCL,-121.77944,38.07222,fccl051
fccl052,FCCL,UCD_FCCL,-121.77528,38.07444,fccl052
fccl_f,FCCL,UCD_FCCL,-121.6475,38.33167,fccl053
fccl_f,FCCL,UCD_FCCL,-121.6475,38.33139,fccl054
fccl055,FCCL,UCD_FCCL,-121.64833,38.32444,fccl055
fccl056,FCCL,UCD_FCCL,-121.65111,38.317,fccl056
fccl057,FCCL,UCD_FCCL,-121.65444,38.30917,fccl057
fccl058,FCCL,UCD_FCCL,-121.65778,38.28167,fccl058
fccl059,FCCL,UCD_FCCL,-121.66028,38.28194,fccl059
fccl_g,FCCL,UCD_FCCL,-121.64417,38.34167,fccl060
fccl_g,FCCL,UCD_FCCL,-121.64444,38.34111,fccl061
fccl_h,FCCL,UCD_FCCL,-121.79583,38.06472,fccl062
fccl_i,FCCL,UCD_FCCL,-121.79083,38.06667,fccl063
fccl_h,FCCL,UCD_FCCL,-121.79472,38.065,fccl064
fccl_i,FCCL,UCD_FCCL,-121.79056,38.06694,fccl065
fccl_i,FCCL,UCD_FCCL,-121.79028,38.06694,fccl066
fccl_i,FCCL,UCD_FCCL,-121.79111,38.06667,fccl067
fccl_i,FCCL,UCD_FCCL,-121.79028,38.06722,fccl068
fccl_j,FCCL,UCD_FCCL,-121.78889,38.06722,fccl069
fccl_k,FCCL,UCD_FCCL,-121.79306,38.06472,fccl070
fccl_h,FCCL,UCD_FCCL,-121.79444,38.06417,fccl071
fccl_h,FCCL,UCD_FCCL,-121.79694,38.06417,fccl072
fccl_h,FCCL,UCD_FCCL,-121.79667,38.06389,fccl073
fccl_h,FCCL,UCD_FCCL,-121.795,38.06472,fccl074
fccl_h,FCCL,UCD_FCCL,-121.79583,38.06444,fccl075
fccl_h,FCCL,UCD_FCCL,-121.79833,38.06361,fccl076
fccl_h,FCCL,UCD_FCCL,-121.7975,38.06361,fccl077
fccl_h,FCCL,UCD_FCCL,-121.79444,38.06444,fccl078
fccl_j,FCCL,UCD_FCCL,-121.78917,38.0675,fccl079
fccl080,FCCL,UCD_FCCL,-121.78,38.07056,fccl080
fccl_l,FCCL,UCD_FCCL,-121.80083,38.06278,fccl081
fccl_h,FCCL,UCD_FCCL,-121.79472,38.06472,fccl082
fccl083,FCCL,UCD_FCCL,-121.80611,38.01278,fccl083
fccl_h,FCCL,UCD_FCCL,-121.79889,38.06333,fccl084
fccl_h,FCCL,UCD_FCCL,-121.79944,38.06333,fccl085
fccl_l,FCCL,UCD_FCCL,-121.80111,38.06278,fccl086
fccl_b,FCCL,UCD_FCCL,-121.78333,38.07028,fccl087
fccl_h,FCCL,UCD_FCCL,-121.79611,38.06444,fccl088
fccl_k,FCCL,UCD_FCCL,-121.79278,38.06583,fccl089
fccl_h,FCCL,UCD_FCCL,-121.79667,38.06417,fccl090
fccl_h,FCCL,UCD_FCCL,-121.79694,38.06389,fccl091
fccl_h,FCCL,UCD_FCCL,-121.79722,38.06444,fccl092
fccl_h,FCCL,UCD_FCCL,-121.79722,38.06417,fccl093
fccl_h,FCCL,UCD_FCCL,-121.79444,38.06472,fccl094
fccl_h,FCCL,UCD_FCCL,-121.795,38.06444,fccl095
fccl_h,FCCL,UCD_FCCL,-121.79528,38.06417,fccl096
fccl_h,FCCL,UCD_FCCL,-121.79472,38.06444,fccl097
fccl_b,FCCL,UCD_FCCL,-121.78333,38.06972,fccl098
fccl099,FCCL,UCD_FCCL,-121.80333,38.0625,fccl099
fccl100,FCCL,UCD_FCCL,-121.80833,38.0625,fccl100
fccl_k,FCCL,UCD_FCCL,-121.79278,38.06528,fccl101
fccl102,FCCL,UCD_FCCL,-121.66222,38.11806,fccl102
fccl103,FCCL,UCD_FCCL,-121.65306,38.11167,fccl103
fccl104,FCCL,UCD_FCCL,-121.65806,38.11667,fccl104
fccl_h,FCCL,UCD_FCCL,-121.79706,38.06372,fccl105
fccl_b,FCCL,UCD_FCCL,-121.78344,38.07042,fccl106
fccl_h,FCCL,UCD_FCCL,-121.79583,38.06417,fccl107
fccl_h,FCCL,UCD_FCCL,-121.79778,38.06389,fccl108
fccl109,FCCL,UCD_FCCL,-121.78194,38.07056,fccl109
fccl_h,FCCL,UCD_FCCL,-121.79639,38.06444,fccl110
fccl_h,FCCL,UCD_FCCL,-121.7975,38.06333,fccl111
fccl_l,FCCL,UCD_FCCL,-121.80194,38.06278,fccl112
edsm001,USFWS,USFWS_EDSM,-121.61898,38.3957,edsm001
edsm002,USFWS,USFWS_EDSM,-121.60752,38.42217,edsm002
edsm003,USFWS,USFWS_EDSM,-121.59549,38.44732,edsm003
edsm004,USFWS,USFWS_EDSM,-121.60767,38.42291,edsm004
edsm005,USFWS,USFWS_EDSM,-121.60663,38.42501,edsm005
edsm006,USFWS,USFWS_EDSM,-121.60749,38.42103,edsm006
edsm007,USFWS,USFWS_EDSM,-121.65507,38.302,edsm007
edsm008,USFWS,USFWS_EDSM,-121.58648,38.46798,edsm008
edsm009,USFWS,USFWS_EDSM,-121.58477,38.48586,edsm009
edsm010,USFWS,USFWS_EDSM,-121.62494,38.38578,edsm010
edsm011,USFWS,USFWS_EDSM,-121.63152,38.37037,edsm011
edsm012,USFWS,USFWS_EDSM,-121.61782,38.40101,edsm012
edsm013,USFWS,USFWS_EDSM,-121.64151,38.34796,edsm013
edsm014,USFWS,USFWS_EDSM,-121.64791,38.32902,edsm014
edsm015,USFWS,USFWS_EDSM,-121.63838,38.35648,edsm015
edsm016,USFWS,USFWS_EDSM,-121.62819,38.37611,edsm016
edsm017,USFWS,USFWS_EDSM,-121.64266,38.3455,edsm017
edsm018,USFWS,USFWS_EDSM,-121.63373,38.36637,edsm018
edsm019,USFWS,USFWS_EDSM,-121.62058,38.39376,edsm019
edsm020,USFWS,USFWS_EDSM,-121.62311,38.38976,edsm020
edsm021,USFWS,USFWS_EDSM,-121.60461,38.42769,edsm021
edsm022,USFWS,USFWS_EDSM,-121.61381,38.40793,edsm022
edsm023,USFWS,USFWS_EDSM,-121.59064,38.4574,edsm023
edsm024,USFWS,USFWS_EDSM,-121.62434,38.38624,edsm024
edsm025,USFWS,USFWS_EDSM,-121.94021,38.05514,edsm025
edsm026,USFWS,USFWS_EDSM,-121.85348,38.06416,edsm026
edsm027,USFWS,USFWS_EDSM,-122.00072,38.18048,edsm027
edsm028,USFWS,USFWS_EDSM,-122.05777,38.1088,edsm028
edsm029,USFWS,USFWS_EDSM,-122.05531,38.18563,edsm029
edsm030,USFWS,USFWS_EDSM,-122.06699,38.09943,edsm030
edsm031,USFWS,USFWS_EDSM,-122.01299,38.17545,edsm031
edsm032,USFWS,USFWS_EDSM,-122.04002,38.19392,edsm032
edsm033,USFWS,USFWS_EDSM,-122.03394,38.20817,edsm033
edsm034,USFWS,USFWS_EDSM,-122.04404,38.16551,edsm034
edsm035,USFWS,USFWS_EDSM,-122.06512,38.1724,edsm035
edsm036,USFWS,USFWS_EDSM,-121.89945,38.04681,edsm036
edsm037,USFWS,USFWS_EDSM,-121.84277,38.06797,edsm037
edsm038,USFWS,USFWS_EDSM,-121.82185,38.0676,edsm038
edsm039,USFWS,USFWS_EDSM,-121.81958,38.0664,edsm039
edsm040,USFWS,USFWS_EDSM,-121.81663,38.06357,edsm040
edsm041,USFWS,USFWS_EDSM,-121.83338,38.06951,edsm041
edsm042,USFWS,USFWS_EDSM,-121.83604,38.07056,edsm042
edsm043,USFWS,USFWS_EDSM,-121.80823,38.0594,edsm043
edsm044,USFWS,USFWS_EDSM,-121.81555,38.06589,edsm044
edsm045,USFWS,USFWS_EDSM,-121.74326,38.08937,edsm045
edsm046,USFWS,USFWS_EDSM,-121.80696,38.063,edsm046
edsm047,USFWS,USFWS_EDSM,-121.58547,38.4699,edsm047
edsm048,USFWS,USFWS_EDSM,-121.5845,38.48576,edsm048
edsm049,USFWS,USFWS_EDSM,-121.61108,38.41457,edsm049
edsm050,USFWS,USFWS_EDSM,-121.59932,38.44046,edsm050
edsm051,USFWS,USFWS_EDSM,-121.59285,38.45239,edsm051